<?xml version="1.0" encoding="UTF-8"?><project-modules id="moduleCoreId" project-version="1.5.0">
        
    <wb-module deploy-name="social-media">
                
        <wb-resource deploy-path="/" source-path="/src/main/webapp" tag="defaultRootSource"/>
                
        <wb-resource deploy-path="/WEB-INF/classes" source-path="/src/main/java"/>
        <wb-resource deploy-path="/WEB-INF/classes" source-path="/src/main/resources"/>
        <wb-resource deploy-path="/WEB-INF/classes" source-path="/src/test/java"/>
        <wb-resource deploy-path="/WEB-INF/classes" source-path="/src/test/resources"/>
                
        <property name="context-root" value="social-media"/>
                
        <property name="java-output-path" value="/social-media/build/classes"/>
            
    </wb-module>
    
</project-modules>
